Date;Index_Symbol;Index_Name;Index_ISIN;Index_Type;Index_Currency;Index_Open;Index_Settlement_Value;Index_Value_high;Index_Value_low;Index_Close;Index_Component_Count;Index_Float;Index_Mcap_Units;Index_Divisor;Valor_Number;ISIN;SEDOL;RIC;CUSIP;Instrument_Name;Country;Currency;Exchange;ICB;Shares;Free_Float;Capfactor;Weightfactor;Ci-factor;Close_unadjusted_local;FX_local_to_Index_Currency;Mcap_Units_local;Mcap_Units_Index_Currency;Weight
12.04.24;SMI;SMI PR;CH0009980894;Price;CHF;11508.31;11490.39;11530.34;11357.56;11379.58;20;0.9311;1.17812E+12;103529170;3886335;CH0038863350;;NESN.S;;NESTLE SA;CH;CHF;SIX_Swiss_Exchange;3500;2670000000;1;0.865227795;;;93.04;1;2.14937E+11;2.14937E+11;18.2441
12.04.24;SMI;SMI PR;CH0009980894;Price;CHF;11508.31;11490.39;11530.34;11357.56;11379.58;20;0.9311;1.17812E+12;103529170;1200526;CH0012005267;;NOVN.S;;NOVARTIS AG;CH;CHF;SIX_Swiss_Exchange;4500;2277477752;0.9;1;;;86.1;1;1.76482E+11;1.76482E+11;14.97997
12.04.24;SMI;SMI PR;CH0009980894;Price;CHF;11508.31;11490.39;11530.34;11357.56;11379.58;20;0.9311;1.17812E+12;103529170;1203204;CH0012032048;;ROG.S;;ROCHE HOLDING AG;CH;CHF;SIX_Swiss_Exchange;4500;702562700;1;1;;;225;1;1.58077E+11;1.58077E+11;13.41772
12.04.24;SMI;SMI PR;CH0009980894;Price;CHF;11508.31;11490.39;11530.34;11357.56;11379.58;20;0.9311;1.17812E+12;103529170;24476758;CH0244767585;;UBSG.S;;UBS GROUP AG;CH;CHF;SIX_Swiss_Exchange;8700;3462087722;0.9335;1;;;26.35;1;85159481699;85159481699;7.22843
12.04.24;SMI;SMI PR;CH0009980894;Price;CHF;11508.31;11490.39;11530.34;11357.56;11379.58;20;0.9311;1.17812E+12;103529170;21048333;CH0210483332;;CFR.S;;CIE FINANCIERE RICHEMONT SA;CH;CHF;SIX_Swiss_Exchange;3700;537582089;1;1;;;128.05;1;68837386496;68837386496;5.84299
12.04.24;SMI;SMI PR;CH0009980894;Price;CHF;11508.31;11490.39;11530.34;11357.56;11379.58;20;0.9311;1.17812E+12;103529170;1222171;CH0012221716;;ABBN.S;;ZURICH INSURANCE GROUP AG;CH;CHF;SIX_Swiss_Exchange;2700;1882002575;0.859;1;;;41.87;1;67688725676;67688725676;5.74549
12.04.24;SMI;SMI PR;CH0009980894;Price;CHF;11508.31;11490.39;11530.34;11357.56;11379.58;20;0.9311;1.17812E+12;103529170;1107539;CH0011075394;;ZURN.S;;ABB LTD;CH;CHF;SIX_Swiss_Exchange;8500;146355754;1;1;;;451.5;1;66079622931;66079622931;5.60891
12.04.24;SMI;SMI PR;CH0009980894;Price;CHF;11508.31;11490.39;11530.34;11357.56;11379.58;20;0.9311;1.17812E+12;103529170;1221405;CH0012214059;;HOLN.S;;HOLCIM AG;CH;CHF;SIX_Swiss_Exchange;2300;579124606;0.9359;1;;;78.98;1;42807374747;42807374747;3.63354
12.04.24;SMI;SMI PR;CH0009980894;Price;CHF;11508.31;11490.39;11530.34;11357.56;11379.58;20;0.9311;1.17812E+12;103529170;41879292;CH0418792922;;SIKA.S;;SIKA AG;CH;CHF;SIX_Swiss_Exchange;2300;160479293;1;1;;;263.4;1;42270245776;42270245776;3.58795
12.04.24;SMI;SMI PR;CH0009980894;Price;CHF;11508.31;11490.39;11530.34;11357.56;11379.58;20;0.9311;1.17812E+12;103529170;1384101;CH0013841017;;LONN.S;;LONZA Group AG;CH;CHF;SIX_Swiss_Exchange;4500;74468752;1;1;;;535;1;39840782320;39840782320;3.38173
12.04.24;SMI;SMI PR;CH0009980894;Price;CHF;11508.31;11490.39;11530.34;11357.56;11379.58;20;0.9311;1.17812E+12;103529170;43249246;CH0432492467;;ALCC.S;;ALCON INC;CH;CHF;SIX_Swiss_Exchange;4500;499700000;1;1;;;74.18;1;37067746000;37067746000;3.14635
12.04.24;SMI;SMI PR;CH0009980894;Price;CHF;11508.31;11490.39;11530.34;11357.56;11379.58;20;0.9311;1.17812E+12;103529170;1064593;CH0010645932;;GIVN.S;;SWISS RE AG;CH;CHF;SIX_Swiss_Exchange;1300;9233586;0.8614;1;;;3916;1;31147123876;31147123876;2.6438
12.04.24;SMI;SMI PR;CH0009980894;Price;CHF;11508.31;11490.39;11530.34;11357.56;11379.58;20;0.9311;1.17812E+12;103529170;12688156;CH0126881561;;SRENH.S;;GIVAUDAN SA;CH;CHF;SIX_Swiss_Exchange;8500;317497306;0.9147;1;;;106;1;30783967316;30783967316;2.61298
12.04.24;SMI;SMI PR;CH0009980894;Price;CHF;11508.31;11490.39;11530.34;11357.56;11379.58;20;0.9311;1.17812E+12;103529170;2460882;CH0024608827;;PGHN.S;;PARTNERS GROUP HOLDING AG;CH;CHF;SIX_Swiss_Exchange;8700;26700000;0.8494;1;;;1271;1;28824983580;28824983580;2.4467
12.04.24;SMI;SMI PR;CH0009980894;Price;CHF;11508.31;11490.39;11530.34;11357.56;11379.58;20;0.9311;1.17812E+12;103529170;1485278;CH0014852781;;SLHN.S;;SWISS LIFE HOLDING AG;CH;CHF;SIX_Swiss_Exchange;8500;29517887;1;1;;;621.2;1;18336511404;18336511404;1.55642
12.04.24;SMI;SMI PR;CH0009980894;Price;CHF;11508.31;11490.39;11530.34;11357.56;11379.58;20;0.9311;1.17812E+12;103529170;3017040;CH0030170408;;GEBN.S;;GEBERIT AG;CH;CHF;SIX_Swiss_Exchange;2300;35189082;0.95;1;;;502.8;1;16808416958;16808416958;1.42672
12.04.24;SMI;SMI PR;CH0009980894;Price;CHF;11508.31;11490.39;11530.34;11357.56;11379.58;20;0.9311;1.17812E+12;103529170;2523886;CH0025238863;;KNIN.S;;SWISSCOM AG;CH;CHF;SIX_Swiss_Exchange;2700;120753783;0.4599;1;;;253.7;1;14089144510;14089144510;1.1959
12.04.24;SMI;SMI PR;CH0009980894;Price;CHF;11508.31;11490.39;11530.34;11357.56;11379.58;20;0.9311;1.17812E+12;103529170;874251;CH0008742519;;SCMN.S;;KUEHNE + NAGEL INTERNATIONAL AG;CH;CHF;SIX_Swiss_Exchange;6500;51801943;0.4905;1;;;518;1;13161785854;13161785854;1.11719
12.04.24;SMI;SMI PR;CH0009980894;Price;CHF;11508.31;11490.39;11530.34;11357.56;11379.58;20;0.9311;1.17812E+12;103529170;2575132;CH0025751329;;LOGN.S;;LOGITECH INTERNATIONAL SA;CH;CHF;SIX_Swiss_Exchange;9500;173106620;0.9491;1;;;79.72;1;13097636702;13097636702;1.11174
12.04.24;SMI;SMI PR;CH0009980894;Price;CHF;11508.31;11490.39;11530.34;11357.56;11379.58;20;0.9311;1.17812E+12;103529170;1254978;CH0012549785;;SOON.S;;SONOVA HOLDING AG;CH;CHF;SIX_Swiss_Exchange;4500;59626809;0.8256;1;;;256.4;1;12622032022;12622032022;1.07137