Date;Index_Symbol;Index_Name;Index_ISIN;Index_Type;Index_Currency;Index_Open;Index_Settlement_Value;Index_Value_high;Index_Value_low;Index_Close;Index_Component_Count;Index_Float;Index_Mcap_Units;Index_Divisor;Valor_Number;ISIN;SEDOL;RIC;CUSIP;Instrument_Name;Country;Currency;Exchange;ICB;Shares;Free_Float;Capfactor;Weightfactor;Ci-factor;Close_unadjusted_local;FX_local_to_Index_Currency;Mcap_Units_local;Mcap_Units_Index_Currency;Weight
15.03.24;SMI;SMI PR;CH0009980894;Price;CHF;11733.92;11726.95;11761.03;11676.13;11676.13;20;0.9308;1.18144E+12;101184031;3886335;CH0038863350;;NESN.S;;NESTLE SA;CH;CHF;SIX_Swiss_Exchange;3500;2670000000;1;0.758362321;;;95.23;1;1.92824E+11;1.92824E+11;16.32115
15.03.24;SMI;SMI PR;CH0009980894;Price;CHF;11733.92;11726.95;11761.03;11676.13;11676.13;20;0.9308;1.18144E+12;101184031;1200526;CH0012005267;;NOVN.S;;NOVARTIS AG;CH;CHF;SIX_Swiss_Exchange;4500;2277477752;0.9282;1;;;85.64;1;1.81039E+11;1.81039E+11;15.32362
15.03.24;SMI;SMI PR;CH0009980894;Price;CHF;11733.92;11726.95;11761.03;11676.13;11676.13;20;0.9308;1.18144E+12;101184031;1203204;CH0012032048;;ROG.S;;ROCHE HOLDING AG;CH;CHF;SIX_Swiss_Exchange;4500;702562700;1;1;;;230.8;1;1.62151E+11;1.62151E+11;13.72492
15.03.24;SMI;SMI PR;CH0009980894;Price;CHF;11733.92;11726.95;11761.03;11676.13;11676.13;20;0.9308;1.18144E+12;101184031;24476758;CH0244767585;;UBSG.S;;UBS GROUP AG;CH;CHF;SIX_Swiss_Exchange;8700;3462087722;0.8835;1;;;28.18;1;86195701866;86195701866;7.29583
15.03.24;SMI;SMI PR;CH0009980894;Price;CHF;11733.92;11726.95;11761.03;11676.13;11676.13;20;0.9308;1.18144E+12;101184031;21048333;CH0210483332;;CFR.S;;CIE FINANCIERE RICHEMONT SA;CH;CHF;SIX_Swiss_Exchange;3700;537582089;1;1;;;145.8;1;78379468576;78379468576;6.63424
15.03.24;SMI;SMI PR;CH0009980894;Price;CHF;11733.92;11726.95;11761.03;11676.13;11676.13;20;0.9308;1.18144E+12;101184031;1107539;CH0011075394;;ZURN.S;;ZURICH INSURANCE GROUP AG;CH;CHF;SIX_Swiss_Exchange;8500;146355754;1;1;;;486.6;1;71216709896;71216709896;6.02797
15.03.24;SMI;SMI PR;CH0009980894;Price;CHF;11733.92;11726.95;11761.03;11676.13;11676.13;20;0.9308;1.18144E+12;101184031;1222171;CH0012221716;;ABBN.S;;ABB LTD;CH;CHF;SIX_Swiss_Exchange;2700;1882002575;0.859;1;;;42.4;1;68545544989;68545544989;5.80187
15.03.24;SMI;SMI PR;CH0009980894;Price;CHF;11733.92;11726.95;11761.03;11676.13;11676.13;20;0.9308;1.18144E+12;101184031;41879292;CH0418792922;;SIKA.S;;SIKA AG;CH;CHF;SIX_Swiss_Exchange;2300;160479293;1;1;;;263.5;1;42286293706;42286293706;3.57922
15.03.24;SMI;SMI PR;CH0009980894;Price;CHF;11733.92;11726.95;11761.03;11676.13;11676.13;20;0.9308;1.18144E+12;101184031;1221405;CH0012214059;;HOLN.S;;HOLCIM AG;CH;CHF;SIX_Swiss_Exchange;2300;579124606;0.9173;1;;;77.58;1;41212901058;41212901058;3.48837
15.03.24;SMI;SMI PR;CH0009980894;Price;CHF;11733.92;11726.95;11761.03;11676.13;11676.13;20;0.9308;1.18144E+12;101184031;43249246;CH0432492467;;ALCC.S;;ALCON INC;CH;CHF;SIX_Swiss_Exchange;4500;499700000;1;1;;;75.52;1;37737344000;37737344000;3.19419
15.03.24;SMI;SMI PR;CH0009980894;Price;CHF;11733.92;11726.95;11761.03;11676.13;11676.13;20;0.9308;1.18144E+12;101184031;1384101;CH0013841017;;LONN.S;;LONZA Group AG;CH;CHF;SIX_Swiss_Exchange;4500;74468752;1;1;;;474;1;35298188448;35298188448;2.98773
15.03.24;SMI;SMI PR;CH0009980894;Price;CHF;11733.92;11726.95;11761.03;11676.13;11676.13;20;0.9308;1.18144E+12;101184031;12688156;CH0126881561;;SRENH.S;;SWISS RE AG;CH;CHF;SIX_Swiss_Exchange;8500;317497306;0.9147;1;;;113.75;1;33034681908;33034681908;2.79614
15.03.24;SMI;SMI PR;CH0009980894;Price;CHF;11733.92;11726.95;11761.03;11676.13;11676.13;20;0.9308;1.18144E+12;101184031;1064593;CH0010645932;;GIVN.S;;GIVAUDAN SA;CH;CHF;SIX_Swiss_Exchange;1300;9233586;0.8614;1;;;4017;1;31950458787;31950458787;2.70437
15.03.24;SMI;SMI PR;CH0009980894;Price;CHF;11733.92;11726.95;11761.03;11676.13;11676.13;20;0.9308;1.18144E+12;101184031;2460882;CH0024608827;;PGHN.S;;PARTNERS GROUP HOLDING AG;CH;CHF;SIX_Swiss_Exchange;8700;26700000;0.8495;1;;;1286;1;29168601900;29168601900;2.46891
15.03.24;SMI;SMI PR;CH0009980894;Price;CHF;11733.92;11726.95;11761.03;11676.13;11676.13;20;0.9308;1.18144E+12;101184031;1485278;CH0014852781;;SLHN.S;;SWISS LIFE HOLDING AG;CH;CHF;SIX_Swiss_Exchange;8500;29517887;1;1;;;635.2;1;18749761822;18749761822;1.58703
15.03.24;SMI;SMI PR;CH0009980894;Price;CHF;11733.92;11726.95;11761.03;11676.13;11676.13;20;0.9308;1.18144E+12;101184031;3017040;CH0030170408;;GEBN.S;;GEBERIT AG;CH;CHF;SIX_Swiss_Exchange;2300;35189082;0.95;1;;;528.8;1;17677587286;17677587286;1.49628
15.03.24;SMI;SMI PR;CH0009980894;Price;CHF;11733.92;11726.95;11761.03;11676.13;11676.13;20;0.9308;1.18144E+12;101184031;2575132;CH0025751329;;LOGN.S;;LOGITECH INTERNATIONAL SA;CH;CHF;SIX_Swiss_Exchange;9500;173106620;0.9491;1;;;84.24;1;13840252330;13840252330;1.17148
15.03.24;SMI;SMI PR;CH0009980894;Price;CHF;11733.92;11726.95;11761.03;11676.13;11676.13;20;0.9308;1.18144E+12;101184031;874251;CH0008742519;;SCMN.S;;SWISSCOM AG;CH;CHF;SIX_Swiss_Exchange;6500;51801943;0.4905;1;;;528.4;1;13426037925;13426037925;1.13641
15.03.24;SMI;SMI PR;CH0009980894;Price;CHF;11733.92;11726.95;11761.03;11676.13;11676.13;20;0.9308;1.18144E+12;101184031;2523886;CH0025238863;;KNIN.S;;KUEHNE + NAGEL INTERNATIONAL AG;CH;CHF;SIX_Swiss_Exchange;2700;120753783;0.4599;1;;;240.8;1;13372747332;13372747332;1.1319
15.03.24;SMI;SMI PR;CH0009980894;Price;CHF;11733.92;11726.95;11761.03;11676.13;11676.13;20;0.9308;1.18144E+12;101184031;1254978;CH0012549785;;SOON.S;;SONOVA HOLDING AG;CH;CHF;SIX_Swiss_Exchange;4500;59626809;0.8256;1;;;270.8;1;13330913695;13330913695;1.12836